class_index,area_percentage
c1,0.013722032197101327
c2,0.0009463857857055183
c3,6.295467818430992e-09
