{"loss": 2.0786685943603516, "val iou": {"d": 0.6604648993155374, "h": 0.6641990214898436, "w": 0.6565170677727875}, "train iou": {"d": 0.6567167902107518, "h": 0.6594468608276466, "w": 0.6551729007847887}, "_timestamp": 1653491680, "_runtime": 3192, "_step": 14}