{"loss": 0.13988104462623596, "val iou": {"d": 0.7279893419773268, "h": 0.712608109110172, "w": 0.7508899564500239}, "train iou": {"d": 0.6812438743214839, "h": 0.6665689427543305, "w": 0.6754601961349977}, "_timestamp": 1653672474, "_runtime": 183986, "_step": 866}