{"loss": 3.160325527191162, "val iou": {"d": 0.6531160432853175, "h": 0.6619578955020903, "w": 0.6662330120917223}, "train iou": {"d": 0.6512276428282266, "h": 0.6492250933935074, "w": 0.6594636734211027}, "_timestamp": 1653310645, "_runtime": 195, "_step": 0, "_wandb": {"runtime": 358}}