{"loss": 3.129415988922119, "val iou": {"d": 0.6613469091053505, "h": 0.6612969277250019, "w": 0.6590884800647455}, "train iou": {"d": 0.6557774663842145, "h": 0.6561420937466024, "w": 0.6575017326656781}, "_timestamp": 1653307028, "_runtime": 211, "_step": 0, "_wandb": {"runtime": 414}}